ID	Sentiment1,neg
2,pos
3,neg
4,neg
5,neg
6,neg
7,pos
8,neg
9,pos
10,neg
11,neg
12,neg
13,neg
14,neg
15,neg
16,neg
17,neg
18,pos
19,neg
20,neg
21,neg
22,neg
23,neg
24,neg
25,pos
26,neg
27,pos
28,neg
29,neg
30,neg
31,neg
32,neg
33,neg
34,pos
35,neg
36,neg
37,neg
38,pos
39,pos
40,neg
41,neg
42,neg
43,neg
44,neg
45,neg
46,pos
47,neg
48,neg
49,neg
50,neg
51,neg
52,pos
53,pos
54,neg
55,neg
56,neg
57,neg
58,neg
59,pos
60,neg
61,neg
62,neg
63,pos
64,neg
65,pos
66,pos
67,neg
68,neg
69,neg
70,neg
71,pos
72,neg
73,neg
74,neg
75,pos
76,neg
77,neg
78,pos
79,neg
80,neg
81,neg
82,neg
83,neg
84,neg
85,neg
86,neg
87,neg
88,neg
89,neg
90,neg
91,pos
92,pos
93,neg
94,pos
95,pos
96,pos
97,neg
98,neg
99,neg
100,neg
101,neg
102,neg
103,neg
104,neg
105,neg
106,neg
107,neg
108,neg
109,neg
110,neg
111,neg
112,neg
113,pos
114,neg
115,neg
116,pos
117,neg
118,pos
119,neg
120,pos
121,neg
122,neg
123,neg
124,neg
125,neg
126,pos
127,neg
128,neg
129,neg
130,neg
131,neg
132,neg
133,pos
134,neg
135,neg
136,neg
137,neg
138,pos
139,pos
140,neg
141,pos
142,neg
143,neg
144,neg
145,pos
146,neg
147,neg
148,neg
149,neg
150,pos
151,neg
152,neg
153,pos
154,pos
155,neg
156,pos
157,pos
158,pos
159,pos
160,pos
161,neg
162,neg
163,neg
164,neg
165,neg
166,neg
167,pos
168,neg
169,neg
170,neg
171,neg
172,pos
173,neg
174,neg
175,neg
176,neg
177,neg
178,neg
179,pos
180,neg
181,neg
182,neg
183,pos
184,neg
185,neg
186,neg
187,neg
188,neg
189,pos
190,pos
191,pos
192,neg
193,pos
194,neg
195,neg
196,neg
197,neg
198,neg
199,neg
200,pos
201,pos
202,neg
203,neg
204,neg
205,pos
206,neg
207,neg
208,pos
209,pos
210,pos
211,neg
212,neg
213,neg
214,neg
215,neg
216,pos
217,neg
218,neg
219,neg
220,neg
221,neg
222,neg
223,neg
224,neg
225,neg
226,neg
227,neg
228,neg
229,neg
230,neg
231,neg
232,pos
233,pos
234,neg
235,neg
236,neg
237,neg
238,neg
239,neg
240,pos
241,neg
242,neg
243,neg
244,neg
245,neg
246,neg
247,pos
248,pos
249,neg
250,neg
251,neg
252,neg
253,neg
254,neg
255,neg
256,neg
257,pos
258,neg
259,neg
260,pos
261,neg
262,neg
263,neg
264,neg
265,neg
266,neg
267,pos
268,neg
269,neg
270,neg
271,neg
272,neg
273,pos
274,neg
275,neg
276,pos
277,neg
278,neg
279,neg
280,neg
281,pos
282,neg
283,neg
284,neg
285,pos
286,pos
287,neg
288,neg
289,neg
290,pos
291,pos
292,neg
293,pos
294,neg
295,neg
296,pos
297,neg
298,neg
299,pos
300,neg
301,neg
302,neg
303,pos
304,neg
305,neg
306,neg
307,pos
308,pos
309,neg
310,pos
311,neg
312,pos
313,neg
314,neg
315,neg
316,pos
317,neg
318,pos
319,neg
320,neg
321,neg
322,neg
323,pos
324,neg
325,pos
326,pos
327,pos
328,neg
329,neg
330,neg
331,neg
332,pos
333,neg
334,pos
335,neg
336,pos
337,neg
338,neg
339,neg
340,pos
341,neg
342,neg
343,neg
344,pos
345,neg
346,pos
347,neg
348,pos
349,neg
350,neg
351,pos
352,neg
353,pos
354,neg
355,pos
356,neg
357,neg
358,pos
359,neg
360,neg
361,neg
362,neg
363,neg
364,neg
365,neg
366,pos
367,pos
368,pos
369,pos
370,neg
371,neg
372,neg
373,neg
374,neg
375,neg
376,pos
377,pos
378,neg
379,neg
380,neg
381,neg
382,pos
383,neg
384,neg
385,neg
386,neg
387,neg
388,pos
389,neg
390,neg
391,neg
392,neg
393,pos
394,neg
395,neg
396,neg
397,neg
398,neg
399,neg
400,neg
401,pos
402,pos
403,neg
404,neg
405,pos
406,neg
407,pos
408,neg
409,pos
410,pos
411,neg
412,neg
413,neg
414,pos
415,pos
416,neg
417,neg
418,neg
419,pos
420,neg
421,neg
422,neg
423,pos
424,neg
425,pos
426,neg
427,pos
428,pos
429,neg
430,neg
431,pos
432,neg
433,neg
434,neg
435,neg
436,neg
437,neg
438,neg
439,pos
440,neg
441,neg
442,neg
443,neg
444,pos
445,neg
446,neg
447,neg
448,pos
449,pos
450,neg
451,neg
452,pos
453,neg
454,neg
455,neg
456,pos
457,neg
458,neg
459,neg
460,pos
461,neg
462,pos
463,neg
464,neg
465,neg
466,pos
467,neg
468,neg
469,pos
470,pos
471,neg
472,neg
473,neg
474,pos
475,neg
476,neg
477,neg
478,pos
479,neg
480,neg
481,neg
482,neg
483,neg
484,neg
485,neg
486,neg
487,pos
488,neg
489,neg
490,neg
491,neg
492,neg
493,neg
494,pos
495,neg
496,neg
497,neg
498,neg
499,neg
500,neg
501,pos
502,neg
503,pos
504,neg
505,neg
506,neg
507,neg
508,neg
509,neg
510,neg
511,pos
512,pos
513,neg
514,pos
515,neg
516,pos
517,pos
518,neg
519,neg
520,pos
521,neg
522,neg
523,neg
524,neg
525,neg
526,pos
527,pos
528,neg
529,neg
530,neg
531,neg
532,pos
533,pos
534,neg
535,neg
536,neg
537,neg
538,neg
539,neg
540,pos
541,neg
542,pos
543,pos
544,pos
545,pos
546,neg
547,pos
548,neg
549,neg
550,pos
551,pos
552,neg
553,neg
554,pos
555,neg
556,neg
557,pos
558,pos
559,neg
560,neg
561,pos
562,pos
563,pos
564,neg
565,neg
566,neg
567,neg
568,neg
569,neg
570,pos
571,neg
572,pos
573,neg
574,pos
575,pos
576,neg
577,pos
578,neg
579,neg
580,neg
581,pos
582,neg
583,neg
584,pos
585,neg
586,pos
587,pos
588,neg
589,pos
590,neg
591,neg
592,neg
593,neg
594,neg
595,pos
596,neg
597,neg
598,neg
599,neg
600,neg
601,pos
602,neg
603,neg
604,neg
605,pos
606,neg
607,neg
608,neg
609,neg
610,pos
611,neg
612,pos
613,neg
614,neg
615,neg
616,neg
617,neg
618,neg
619,neg
620,neg
621,neg
622,pos
623,neg
624,neg
625,neg
626,pos
627,neg
628,neg
629,neg
630,neg
631,neg
632,neg
633,neg
634,neg
635,neg
636,pos
637,neg
638,neg
639,neg
640,neg
641,neg
642,neg
643,pos
644,pos
645,neg
646,pos
647,neg
648,neg
649,pos
650,pos
651,neg
652,pos
653,neg
654,neg
655,neg
656,neg
657,neg
658,neg
659,neg
660,neg
661,neg
662,neg
663,neg
664,neg
665,neg
666,neg
667,neg
668,neg
669,neg
670,pos
671,pos
672,neg
673,pos
674,neg
675,neg
676,pos
677,neg
678,neg
679,neg
680,neg
681,pos
682,pos
683,neg
684,pos
685,neg
686,neg
687,neg
688,neg
689,pos
690,neg
691,neg
692,neg
693,neg
694,pos
695,pos
696,neg
697,pos
698,pos
699,neg
700,pos
701,pos
702,neg
703,neg
704,neg
705,neg
706,neg
707,neg
708,neg
709,neg
710,neg
711,neg
712,neg
713,pos
714,pos
715,neg
716,neg
717,neg
718,neg
719,pos
720,pos
721,neg
722,neg
723,neg
724,neg
725,neg
726,neg
727,neg
728,neg
729,neg
730,neg
731,pos
732,neg
733,pos
734,pos
735,neg
736,neg
737,pos
738,pos
739,neg
740,neg
741,neg
742,neg
743,pos
744,neg
745,pos
746,neg
747,pos
748,neg
749,neg
750,pos
751,neg
752,neg
753,neg
754,neg
755,pos
756,neg
757,neg
758,neg
759,neg
760,neg
761,neg
762,neg
763,neg
764,neg
765,pos
766,pos
767,neg
768,neg
769,neg
770,neg
771,pos
772,pos
773,neg
774,neg
775,neg
776,neg
777,neg
778,pos
779,neg
780,pos
781,neg
782,neg
783,neg
784,neg
785,pos
786,neg
787,neg
788,neg
789,pos
790,neg
791,neg
792,neg
793,pos
794,neg
795,neg
796,neg
797,neg
798,neg
799,pos
800,neg
801,neg
802,neg
803,neg
804,pos
805,neg
806,neg
807,pos
808,neg
809,neg
810,pos
811,neg
812,neg
813,neg
814,neg
815,pos
816,pos
817,neg
818,neg
819,neg
820,pos
821,neg
822,neg
823,neg
824,neg
825,neg
826,pos
827,neg
828,pos
829,neg
830,neg
831,pos
832,neg
833,neg
834,neg
835,neg
836,pos
837,neg
838,pos
839,neg
840,neg
841,neg
842,neg
843,pos
844,pos
845,neg
846,neg
847,pos
848,neg
849,neg
850,neg
851,neg
852,neg
853,pos
854,neg
855,pos
856,pos
857,neg
858,neg
859,pos
860,pos
861,pos
862,neg
863,pos
864,neg
865,neg
866,neg
867,neg
868,neg
869,pos
870,pos
871,neg
872,neg
873,pos
874,neg
875,neg
876,neg
877,neg
878,neg
879,neg
880,neg
881,neg
882,neg
883,neg
884,neg
885,neg
886,neg
887,pos
888,neg
889,neg
890,neg
891,neg
892,neg
893,neg
894,neg
895,neg
896,neg
897,neg
898,pos
899,neg
900,pos
901,neg
902,neg
903,neg
904,neg
905,neg
906,neg
907,neg
908,neg
909,neg
910,neg
911,neg
912,neg
913,pos
914,neg
915,pos
916,neg
917,pos
918,pos
919,neg
920,neg
921,neg
922,neg
923,pos
924,neg
925,pos
926,neg
927,pos
928,neg
929,pos
930,neg
931,pos
932,neg
933,pos
934,neg
935,neg
936,pos
937,neg
938,neg
939,neg
940,neg
941,neg
942,neg
943,neg
944,neg
945,neg
946,pos
947,neg
948,neg
949,neg
950,neg
951,neg
952,neg
953,neg
954,neg
955,neg
956,neg
957,neg
958,pos
959,neg
960,neg
961,neg
962,pos
963,neg
964,neg
965,neg
966,neg
967,neg
968,pos
969,pos
970,neg
971,pos
972,neg
973,neg
974,neg
975,neg
976,neg
977,neg
978,neg
979,neg
980,neg
981,neg
982,pos
983,neg
984,neg
985,pos
986,pos
987,neg
988,pos
989,pos
990,neg
991,neg
992,neg
993,neg
994,neg
995,neg
996,neg
997,neg
998,neg
999,pos
1000,neg
1001,neg
1002,pos
1003,neg
1004,neg
1005,neg
1006,neg
1007,neg
1008,pos
1009,pos
1010,neg
1011,neg
1012,neg
1013,neg
1014,neg
1015,neg
1016,neg
1017,neg
1018,neg
1019,neg
1020,pos
1021,neg
1022,neg
1023,neg
1024,neg
1025,pos
1026,neg
1027,neg
1028,neg
1029,pos
1030,neg
1031,neg
1032,neg
1033,neg
1034,pos
1035,neg
1036,neg
1037,neg
1038,pos
1039,neg
1040,neg
1041,pos
1042,neg
1043,neg
1044,neg
1045,neg
1046,neg
1047,pos
1048,neg
1049,pos
1050,pos
1051,neg
1052,pos
1053,neg
1054,neg
1055,neg
1056,neg
1057,neg
1058,neg
1059,pos
1060,pos
1061,neg
1062,neg
1063,neg
1064,neg
1065,neg
1066,pos
1067,neg
1068,neg
1069,neg
1070,neg
1071,neg
1072,neg
1073,neg
1074,pos
1075,pos
1076,pos
1077,pos
1078,neg
1079,neg
1080,neg
1081,neg
1082,neg
1083,neg
1084,pos
1085,neg
1086,neg
1087,neg
1088,pos
1089,neg
1090,neg
1091,neg
1092,neg
1093,neg
1094,pos
1095,pos
1096,neg
1097,neg
1098,neg
1099,pos
1100,neg
1101,pos
1102,neg
1103,neg
1104,neg
1105,neg
1106,pos
1107,neg
1108,neg
1109,neg
1110,neg
1111,neg
1112,neg
1113,neg
1114,neg
1115,neg
1116,neg
1117,neg
1118,neg
1119,pos
1120,neg
1121,neg
1122,pos
1123,pos
1124,neg
1125,neg
1126,pos
1127,pos
1128,neg
1129,neg
1130,pos
1131,neg
1132,neg
1133,neg
1134,neg
1135,neg
1136,neg
1137,pos
1138,pos
1139,neg
1140,neg
1141,neg
1142,pos
1143,pos
1144,neg
1145,neg
1146,neg
1147,neg
1148,pos
1149,neg
1150,neg
1151,neg
1152,pos
1153,pos
1154,neg
1155,pos
1156,neg
1157,neg
1158,neg
1159,neg
1160,neg
1161,neg
1162,neg
1163,neg
1164,neg
1165,neg
1166,pos
1167,neg
1168,neg
1169,neg
1170,neg
1171,neg
1172,neg
1173,neg
1174,neg
1175,neg
1176,neg
1177,pos
1178,neg
1179,neg
1180,neg
1181,neg
1182,neg
1183,neg
1184,neg
1185,neg
1186,neg
1187,neg
1188,pos
1189,neg
1190,pos
1191,pos
1192,neg
1193,neg
1194,neg
1195,pos
1196,neg
1197,neg
1198,neg
1199,neg
1200,neg
1201,neg
1202,neg
1203,neg
1204,neg
1205,neg
1206,pos
1207,neg
1208,neg
1209,neg
1210,neg
1211,pos
1212,neg
1213,pos
1214,pos
1215,neg
1216,neg
1217,neg
1218,neg
1219,pos
1220,neg
1221,pos
1222,neg
1223,neg
1224,neg
1225,pos
1226,neg
1227,pos
1228,pos
1229,neg
1230,neg
1231,neg
1232,neg
1233,neg
1234,neg
1235,neg
1236,pos
1237,pos
1238,neg
1239,neg
1240,neg
1241,neg
1242,neg
1243,neg
1244,neg
1245,neg
1246,neg
1247,neg
1248,neg
1249,neg
1250,neg
1251,neg
1252,neg
1253,neg
1254,neg
1255,neg
1256,neg
1257,neg
1258,neg
1259,neg
1260,neg
1261,pos
1262,pos
1263,pos
1264,neg
1265,neg
1266,neg
1267,neg
1268,neg
1269,neg
1270,neg
1271,neg
1272,pos
1273,neg
1274,pos
1275,pos
1276,neg
1277,pos
1278,neg
1279,pos
1280,neg
1281,neg
1282,neg
1283,neg
1284,pos
1285,neg
1286,neg
1287,neg
1288,neg
1289,neg
1290,pos
1291,neg
1292,pos
1293,pos
1294,neg
1295,neg
1296,neg
1297,neg
1298,neg
1299,neg
1300,pos
1301,neg
1302,neg
1303,neg
1304,neg
1305,pos
1306,neg
1307,pos
1308,neg
1309,neg
1310,neg
1311,neg
1312,neg
1313,neg
1314,neg
1315,neg
1316,neg
1317,pos
1318,neg
1319,neg
1320,neg
1321,pos
1322,neg
1323,neg
1324,pos
1325,neg
1326,neg
1327,neg
1328,neg
1329,neg
1330,neg
1331,neg
1332,neg
1333,neg
1334,neg
1335,neg
1336,pos
1337,neg
1338,pos
1339,pos
1340,pos
1341,neg
1342,neg
1343,neg
1344,pos
1345,pos
1346,neg
1347,neg
1348,pos
1349,neg
1350,neg
1351,neg
1352,neg
1353,pos
1354,pos
1355,neg
1356,neg
1357,neg
1358,neg
1359,neg
1360,neg
1361,neg
1362,neg
1363,neg
1364,pos
1365,pos
1366,neg
1367,pos
1368,neg
1369,neg
1370,pos
1371,pos
1372,neg
1373,neg
1374,neg
1375,neg
1376,neg
1377,neg
1378,neg
1379,neg
1380,neg
1381,neg
1382,neg
1383,neg
1384,neg
1385,neg
1386,neg
1387,pos
1388,neg
1389,neg
1390,neg
1391,neg
1392,neg
1393,neg
1394,neg
1395,pos
1396,neg
1397,neg
1398,neg
1399,neg
1400,neg
1401,neg
1402,neg
1403,neg
1404,neg
1405,neg
1406,neg
1407,neg
1408,neg
1409,neg
1410,neg
1411,neg
1412,neg
1413,pos
1414,neg
1415,pos
1416,neg
1417,neg
1418,neg
1419,neg
1420,pos
1421,pos
1422,neg
1423,pos
1424,neg
1425,neg
1426,pos
1427,pos
1428,pos
1429,neg
1430,neg
1431,neg
1432,neg
1433,neg
1434,neg
1435,pos
1436,pos
1437,neg
1438,neg
1439,neg
1440,neg
1441,neg
1442,pos
1443,neg
1444,neg
1445,neg
1446,neg
1447,pos
1448,neg
1449,neg
1450,neg
1451,neg
1452,neg
1453,neg
1454,neg
1455,neg
1456,neg
1457,pos
1458,neg
1459,neg
1460,neg
1461,pos
1462,neg
1463,neg
1464,pos
1465,neg
1466,pos
1467,neg
1468,neg
1469,neg
1470,neg
1471,neg
1472,neg
1473,neg
1474,neg
1475,neg
1476,neg
1477,neg
1478,neg
1479,neg
1480,neg
1481,neg
1482,neg
1483,neg
1484,pos
1485,neg
1486,neg
1487,neg
1488,neg
1489,pos
1490,neg
1491,neg
1492,neg
1493,pos
1494,pos
1495,neg
1496,pos
1497,pos
1498,pos
1499,pos
1500,neg
1501,neg
1502,pos
1503,neg
1504,neg
1505,neg
1506,neg
1507,neg
1508,pos
1509,neg
1510,pos
1511,neg
1512,neg
1513,neg
1514,neg
1515,pos
1516,neg
1517,neg
1518,neg
1519,neg
1520,neg
1521,neg
1522,neg
1523,neg
1524,neg
1525,neg
1526,pos
1527,neg
1528,neg
1529,neg
1530,neg
1531,neg
1532,neg
1533,neg
1534,neg
1535,neg
1536,neg
1537,neg
1538,pos
1539,neg
1540,neg
1541,neg
1542,neg
1543,neg
1544,neg
1545,neg
1546,neg
1547,neg
1548,neg
1549,pos
1550,neg
1551,pos
1552,neg
1553,neg
1554,neg
1555,pos
1556,neg
1557,pos
1558,pos
1559,neg
1560,neg
1561,neg
1562,pos
1563,neg
1564,pos
1565,neg
1566,neg
1567,pos
1568,neg
1569,neg
1570,neg
1571,pos
1572,neg
1573,neg
1574,pos
1575,pos
1576,neg
1577,neg
1578,neg
1579,pos
1580,neg
1581,neg
1582,neg
1583,neg
1584,neg
1585,neg
1586,neg
1587,neg
1588,neg
1589,neg
1590,neg
1591,neg
1592,neg
1593,neg
1594,pos
1595,neg
1596,neg
1597,pos
1598,neg
1599,pos
1600,neg
1601,pos
1602,neg
1603,pos
1604,neg
1605,neg
1606,pos
1607,pos
1608,neg
1609,neg
1610,neg
1611,neg
1612,neg
1613,neg
1614,neg
1615,neg
1616,neg
1617,neg
1618,pos
1619,neg
1620,pos
1621,neg
1622,pos
1623,neg
1624,neg
1625,neg
1626,neg
1627,pos
1628,neg
1629,neg
1630,pos
1631,neg
1632,neg
1633,pos
1634,neg
1635,pos
1636,pos
1637,pos
1638,neg
1639,neg
1640,pos
1641,pos
1642,neg
1643,neg
1644,neg
1645,neg
1646,neg
1647,neg
1648,neg
1649,neg
1650,neg
1651,neg
1652,neg
1653,neg
1654,neg
1655,neg
1656,neg
1657,neg
1658,pos
1659,neg
1660,neg
1661,neg
1662,neg
1663,neg
1664,neg
1665,neg
1666,neg
1667,neg
1668,neg
1669,pos
1670,neg
1671,pos
1672,pos
1673,pos
1674,neg
1675,neg
1676,neg
1677,pos
1678,neg
1679,neg
1680,neg
1681,neg
1682,neg
1683,pos
1684,pos
1685,pos
1686,neg
1687,neg
1688,neg
1689,neg
1690,neg
1691,neg
1692,pos
1693,neg
1694,neg
1695,neg
1696,neg
1697,neg
1698,neg
1699,pos
1700,pos
1701,neg
1702,neg
1703,neg
1704,neg
1705,neg
1706,neg
1707,neg
1708,neg
1709,pos
1710,neg
1711,neg
1712,neg
1713,neg
1714,neg
1715,neg
1716,pos
1717,neg
1718,pos
1719,neg
1720,neg
1721,pos
1722,neg
1723,pos
1724,pos
1725,neg
1726,pos
1727,pos
1728,neg
1729,neg
1730,neg
1731,neg
1732,neg
1733,neg
1734,neg
1735,neg
1736,pos
1737,pos
1738,neg
1739,neg
1740,neg
1741,neg
1742,pos
1743,pos
1744,neg
1745,neg
1746,neg
1747,neg
1748,neg
1749,neg
1750,neg
1751,neg
1752,pos
1753,pos
1754,neg
1755,neg
1756,neg
1757,neg
1758,neg
1759,neg
1760,neg
1761,pos
1762,neg
1763,pos
1764,neg
1765,pos
1766,neg
1767,neg
1768,neg
1769,pos
1770,neg
1771,neg
1772,neg
1773,neg
1774,neg
1775,pos
1776,neg
1777,neg
1778,neg
1779,neg
1780,pos
1781,pos
1782,neg
1783,neg
1784,pos
1785,neg
1786,neg
1787,neg
1788,pos
1789,neg
1790,neg
1791,neg
1792,neg
1793,pos
1794,neg
1795,neg
1796,neg
1797,neg
1798,pos
1799,neg
1800,neg
1801,pos
1802,neg
1803,neg
1804,pos
1805,neg
1806,neg
1807,neg
1808,pos
1809,neg
1810,pos
1811,neg
1812,pos
1813,neg
1814,pos
1815,pos
1816,neg
1817,neg
1818,neg
1819,neg
1820,neg
1821,neg
1822,neg
1823,neg
1824,neg
1825,neg
1826,neg
1827,neg
1828,neg
1829,neg
1830,neg
1831,pos
1832,neg
1833,pos
1834,neg
1835,neg
1836,neg
1837,neg
1838,neg
1839,neg
1840,pos
1841,pos
1842,pos
1843,neg
1844,pos
1845,neg
1846,neg
1847,neg
1848,neg
1849,pos
1850,neg
1851,neg
1852,neg
1853,neg
1854,pos
1855,neg
1856,pos
1857,pos
1858,neg
1859,neg
1860,neg
1861,pos
1862,neg
1863,neg
1864,pos
1865,neg
1866,neg
1867,neg
1868,neg
1869,neg
1870,neg
1871,neg
1872,pos
1873,neg
1874,neg
1875,neg
1876,pos
1877,neg
1878,neg
1879,neg
1880,neg
1881,neg
1882,neg
1883,neg
1884,neg
1885,neg
1886,neg
1887,neg
1888,pos
1889,pos
1890,neg
1891,neg
1892,neg
1893,neg
1894,pos
1895,neg
1896,neg
1897,neg
1898,neg
1899,neg
1900,pos
1901,pos
1902,neg
1903,pos
1904,neg
1905,neg
1906,pos
1907,neg
1908,neg
1909,neg
1910,neg
1911,pos
1912,neg
1913,neg
1914,pos
1915,neg
1916,neg
1917,pos
1918,neg
1919,neg
1920,pos
1921,pos
1922,neg
1923,neg
1924,pos
1925,neg
1926,neg
1927,neg
1928,neg
1929,neg
1930,pos
1931,neg
1932,pos
1933,neg
1934,pos
1935,neg
1936,neg
1937,neg
1938,pos
1939,pos
1940,pos
1941,pos
1942,neg
1943,neg
1944,neg
1945,pos
1946,pos
1947,neg
1948,pos
1949,pos
1950,neg
1951,neg
1952,pos
1953,neg
1954,pos
1955,neg
1956,pos
1957,neg
1958,neg
1959,neg
1960,neg
1961,neg
1962,neg
1963,neg
1964,neg
1965,neg
1966,pos
1967,pos
1968,pos
1969,pos
1970,neg
1971,neg
1972,neg
1973,neg
1974,neg
1975,pos
1976,pos
1977,neg
1978,pos
1979,neg
1980,neg
1981,neg
1982,neg
1983,pos
1984,pos
1985,neg
1986,neg
1987,neg
1988,neg
1989,neg
1990,neg
1991,neg
1992,neg
1993,neg
1994,pos
1995,neg
1996,neg
1997,pos
1998,neg
1999,neg
2000,pos
2001,pos
2002,neg
2003,neg
2004,pos
2005,neg
2006,neg
2007,pos
2008,neg
2009,neg
2010,neg
2011,neg
2012,neg
2013,neg
2014,neg
2015,pos
2016,pos
2017,neg
2018,pos
2019,neg
2020,neg
2021,neg
2022,neg
2023,neg
2024,neg
2025,neg
2026,pos
2027,pos
2028,neg
2029,pos
2030,neg
2031,neg
2032,pos
2033,neg
2034,neg
2035,neg
2036,pos
2037,neg
2038,neg
2039,neg
2040,neg
2041,neg
2042,neg
2043,neg
2044,neg
2045,pos
2046,neg
2047,pos
2048,neg
2049,pos
2050,neg
2051,neg
2052,neg
2053,neg
2054,neg
2055,neg
2056,pos
2057,neg
2058,neg
2059,neg
2060,neg
2061,neg
2062,neg
2063,neg
2064,neg
2065,neg
2066,neg
2067,neg
2068,neg
2069,neg
2070,neg
2071,pos
2072,neg
2073,neg
2074,neg
2075,neg
2076,neg
2077,neg
2078,pos
2079,neg
2080,neg
2081,pos
2082,neg
2083,neg
2084,neg
2085,neg
2086,neg
2087,pos
2088,neg
2089,neg
2090,pos
2091,neg
2092,neg
2093,pos
2094,neg
2095,neg
2096,neg
2097,neg
2098,neg
2099,neg
2100,neg
2101,neg
2102,neg
2103,neg
2104,neg
2105,neg
2106,pos
2107,neg
2108,pos
2109,neg
2110,pos
2111,pos
2112,neg
2113,neg
2114,neg
2115,neg
2116,pos
2117,neg
2118,pos
2119,neg
2120,neg
2121,neg
2122,neg
2123,neg
2124,neg
2125,neg
2126,neg
2127,neg
2128,neg
2129,neg
2130,neg
2131,neg
2132,neg
2133,neg
2134,neg
2135,pos
2136,neg
2137,pos
2138,neg
2139,pos
2140,neg
2141,neg
2142,neg
2143,neg
2144,neg
2145,pos
2146,neg
2147,neg
2148,neg
2149,neg
2150,pos
2151,pos
2152,neg
2153,neg
2154,neg
2155,pos
2156,pos
2157,pos
2158,neg
2159,neg
2160,neg
2161,neg
2162,neg
2163,neg
2164,neg
2165,neg
2166,neg
2167,neg
2168,neg
2169,neg
2170,pos
2171,neg
2172,pos
2173,neg
2174,neg
2175,neg
2176,neg
2177,neg
2178,neg
2179,neg
2180,neg
2181,neg
2182,pos
2183,pos
2184,neg
2185,neg
2186,neg
2187,neg
2188,neg
2189,neg
2190,neg
2191,pos
2192,neg
2193,neg
2194,pos
2195,neg
2196,neg
2197,neg
2198,neg
2199,pos
2200,neg
2201,pos
2202,pos
2203,pos
2204,neg
2205,neg
2206,neg
2207,neg
2208,neg
2209,neg
2210,neg
2211,pos
2212,neg
2213,neg
2214,neg
2215,neg
2216,neg
2217,neg
2218,pos
2219,neg
2220,neg
2221,neg
2222,neg
2223,pos
2224,neg
2225,neg
2226,neg
2227,neg
2228,neg
2229,neg
2230,pos
2231,neg
2232,neg
2233,neg
2234,pos
2235,neg
2236,neg
2237,neg
2238,neg
2239,neg
2240,neg
2241,pos
2242,neg
2243,neg
2244,pos
2245,pos
2246,neg
2247,neg
2248,neg
2249,neg
2250,pos
2251,pos
2252,neg
2253,pos
2254,neg
2255,pos
2256,neg
2257,pos
2258,neg
2259,neg
2260,pos
2261,neg
2262,neg
2263,neg
2264,neg
2265,neg
2266,neg
2267,neg
2268,neg
2269,neg
2270,pos
2271,neg
2272,neg
2273,pos
2274,neg
2275,neg
2276,neg
2277,neg
2278,neg
2279,neg
2280,neg
2281,pos
2282,neg
2283,neg
2284,pos
2285,neg
2286,neg
2287,neg
2288,neg
2289,neg
2290,neg
2291,neg
2292,neg
2293,neg
2294,pos
2295,pos
2296,neg
2297,neg
2298,pos
2299,neg
2300,neg
2301,neg
2302,neg
2303,neg
2304,neg
2305,pos
2306,neg
2307,neg
2308,neg
2309,pos
2310,pos
2311,neg
2312,neg
2313,pos
2314,pos
2315,neg
2316,neg
2317,neg
2318,neg
2319,neg
2320,pos
2321,neg
2322,pos
2323,neg
2324,neg
2325,neg
2326,neg
2327,neg
2328,neg
2329,neg
2330,pos
2331,neg
2332,neg
2333,neg
2334,neg
2335,neg
2336,neg
2337,neg
2338,neg
2339,pos
2340,pos
2341,neg
2342,neg
2343,neg
2344,pos
2345,neg
2346,pos
2347,pos
2348,neg
2349,pos
2350,pos
2351,neg
2352,neg
2353,neg
2354,neg
2355,neg
2356,pos
2357,neg
2358,pos
2359,neg
2360,neg
2361,neg
2362,pos
2363,neg
2364,neg
2365,neg
2366,pos
2367,neg
2368,pos
2369,neg
2370,neg
2371,pos
2372,neg
2373,neg
2374,pos
2375,neg
2376,pos
2377,neg
2378,neg
2379,neg
2380,neg
2381,pos
2382,neg
2383,neg
2384,neg
2385,pos
2386,pos
2387,neg
2388,neg
2389,neg
2390,neg
2391,neg
2392,pos
2393,neg
2394,neg
2395,pos
2396,neg
2397,neg
2398,neg
2399,pos
2400,neg
2401,neg
2402,neg
2403,neg
2404,neg
2405,neg
2406,neg
2407,pos
2408,pos
2409,neg
2410,neg
2411,neg
2412,neg
2413,pos
2414,neg
2415,pos
2416,pos
2417,neg
2418,pos
2419,neg
2420,neg
2421,neg
2422,neg
2423,pos
2424,neg
2425,pos
2426,pos
2427,neg
2428,neg
2429,neg
2430,pos
2431,pos
2432,neg
2433,neg
2434,neg
2435,neg
2436,neg
2437,neg
2438,neg
2439,neg
2440,neg
2441,neg
2442,neg
2443,pos
2444,neg
2445,pos
2446,neg
2447,pos
2448,neg
2449,neg
2450,neg
2451,pos
2452,neg
2453,pos
2454,neg
2455,pos
2456,pos
2457,neg
2458,neg
2459,neg
2460,neg
2461,neg
2462,neg
2463,pos
2464,pos
2465,neg
2466,neg
2467,neg
2468,pos
2469,pos
2470,neg
2471,neg
2472,pos
2473,neg
2474,neg
2475,neg
2476,neg
2477,neg
2478,pos
2479,neg
2480,pos
2481,neg
2482,neg
2483,neg
2484,neg
2485,neg
2486,neg
2487,pos
2488,neg
2489,neg
2490,neg
2491,pos
2492,pos
2493,pos
2494,neg
2495,neg
2496,pos
2497,neg
2498,pos
2499,pos
2500,neg
2501,pos
2502,neg
2503,neg
2504,pos
2505,neg
2506,neg
2507,pos
2508,neg
2509,pos
2510,neg
2511,neg
2512,neg
2513,pos
2514,pos
2515,neg
2516,pos
2517,neg
2518,neg
2519,neg
2520,pos
2521,pos
2522,neg
2523,pos
2524,neg
2525,pos
2526,neg
2527,pos
2528,neg
2529,neg
2530,neg
2531,neg
2532,neg
2533,pos
2534,pos
2535,pos
2536,pos
2537,pos
2538,pos
2539,neg
2540,neg
2541,neg
2542,pos
2543,pos
2544,neg
2545,neg
2546,pos
2547,neg
2548,neg
2549,neg
2550,pos
2551,neg
2552,neg
2553,neg
2554,pos
2555,neg
2556,neg
2557,pos
2558,neg
2559,neg
2560,pos
2561,neg
2562,neg
2563,neg
2564,neg
2565,neg
2566,pos
2567,pos
2568,pos
2569,neg
2570,pos
2571,neg
2572,neg
2573,pos
2574,neg
2575,neg
2576,neg
2577,pos
2578,neg
2579,pos
2580,neg
2581,pos
2582,neg
2583,neg
2584,neg
2585,neg
2586,neg
2587,neg
2588,neg
2589,neg
2590,neg
2591,neg
2592,pos
2593,neg
2594,neg
2595,neg
2596,neg
2597,neg
2598,neg
2599,neg
2600,neg
2601,neg
2602,pos
2603,neg
2604,neg
2605,neg
2606,neg
2607,pos
2608,pos
2609,neg
2610,neg
2611,neg
2612,pos
2613,neg
2614,pos
2615,pos
2616,neg
2617,neg
2618,neg
2619,neg
2620,neg
2621,neg
2622,neg
2623,pos
2624,neg
2625,neg
2626,neg
2627,neg
2628,neg
2629,pos
2630,neg
2631,neg
2632,neg
2633,neg
2634,pos
2635,neg
2636,neg
2637,neg
2638,pos
2639,neg
2640,pos
2641,pos
2642,pos
2643,neg
2644,neg
2645,pos
2646,neg
2647,pos
2648,neg
2649,neg
2650,pos
2651,neg
2652,neg
2653,pos
2654,pos
2655,neg
2656,neg
2657,pos
2658,pos
2659,neg
2660,neg
2661,neg
2662,neg
2663,neg
2664,neg
2665,neg
2666,pos
2667,pos
2668,neg
2669,neg
2670,pos
2671,neg
2672,pos
2673,neg
2674,neg
2675,pos
2676,neg
2677,neg
2678,neg
2679,neg
2680,pos
2681,neg
2682,pos
2683,neg
2684,neg
2685,pos
2686,neg
2687,neg
2688,neg
2689,neg
2690,neg
2691,pos
2692,neg
2693,neg
2694,neg
2695,neg
2696,pos
2697,pos
2698,neg
2699,neg
2700,pos
2701,neg
2702,neg
2703,neg
2704,neg
2705,neg
2706,neg
2707,neg
2708,neg
2709,neg
2710,neg
2711,neg
2712,neg
2713,pos
2714,pos
2715,neg
2716,neg
2717,neg
2718,neg
2719,pos
2720,neg
2721,neg
2722,neg
2723,neg
2724,neg
2725,neg
2726,neg
2727,neg
2728,neg
2729,neg
2730,pos
2731,neg
2732,neg
2733,pos
2734,neg
2735,neg
2736,neg
2737,pos
2738,neg
2739,neg
2740,neg
2741,pos
2742,neg
2743,pos
2744,pos
2745,neg
2746,neg
2747,neg
2748,neg
2749,neg
2750,neg
2751,pos
2752,neg
2753,neg
2754,neg
2755,neg
2756,neg
2757,neg
2758,neg
2759,neg
2760,neg
2761,neg
2762,pos
2763,neg
2764,pos
2765,neg
2766,neg
2767,neg
2768,pos
2769,pos
2770,pos
2771,neg
2772,neg
2773,neg
2774,neg
2775,neg
2776,neg
2777,neg
2778,neg
2779,neg
2780,neg
2781,neg
2782,neg
2783,neg
2784,pos
2785,neg
2786,neg
2787,pos
2788,neg
2789,neg
2790,neg
2791,neg
2792,neg
2793,pos
2794,pos
2795,neg
2796,neg
2797,neg
2798,pos
2799,neg
2800,pos
2801,neg
2802,neg
2803,neg
2804,neg
2805,neg
2806,neg
2807,neg
2808,neg
2809,neg
2810,neg
2811,neg
2812,pos
2813,neg
2814,pos
2815,neg
2816,neg
2817,neg
2818,pos
2819,neg
2820,pos
2821,pos
2822,neg
2823,neg
2824,neg
2825,neg
2826,neg
2827,neg
2828,pos
2829,neg
2830,neg
2831,neg
2832,neg
2833,neg
2834,neg
2835,neg
2836,neg
2837,pos
2838,neg
2839,neg
2840,neg
2841,neg
2842,neg
2843,neg
2844,neg
2845,pos
2846,neg
2847,neg
2848,neg
2849,neg
2850,neg
2851,neg
2852,pos
2853,neg
2854,neg
2855,neg
2856,neg
2857,neg
2858,neg
2859,neg
2860,neg
2861,pos
2862,neg
2863,neg
2864,neg
2865,pos
2866,neg
2867,neg
2868,pos
2869,neg
2870,neg
2871,neg
2872,pos
2873,neg
2874,neg
2875,neg
2876,neg
2877,neg
2878,pos
2879,neg
2880,neg
2881,neg
2882,neg
2883,neg
2884,pos
2885,neg
2886,neg
2887,neg
2888,neg
2889,neg
2890,pos
2891,neg
2892,neg
2893,pos
2894,neg
2895,pos
2896,neg
2897,neg
2898,neg
2899,neg
2900,neg
2901,pos
2902,neg
2903,neg
2904,neg
2905,neg
2906,pos
2907,neg
2908,neg
2909,neg
2910,neg
2911,pos
2912,neg
2913,neg
2914,neg
2915,neg
2916,neg
2917,neg
2918,pos
2919,pos
2920,neg
2921,neg
2922,neg
2923,pos
2924,neg
2925,neg
2926,neg
2927,neg
2928,neg
2929,neg
2930,neg
2931,neg
2932,neg
2933,pos
2934,neg
2935,neg
2936,pos
2937,neg
2938,neg
2939,pos
2940,neg
2941,neg
2942,neg
2943,neg
2944,neg
2945,neg
2946,neg
2947,pos
2948,neg
2949,neg
2950,neg
2951,neg
2952,pos
2953,neg
2954,neg
2955,pos
2956,neg
2957,neg
2958,pos
2959,neg
2960,neg
2961,neg
2962,neg
2963,pos
2964,pos
2965,neg
2966,pos
2967,neg
2968,neg
2969,pos
2970,neg
2971,neg
2972,neg
2973,neg
2974,neg
2975,neg
2976,neg
2977,pos
2978,pos
2979,neg
2980,pos
2981,neg
2982,neg
2983,neg
2984,pos
2985,neg
2986,neg
2987,neg
2988,neg
2989,neg
2990,neg
2991,pos
2992,neg
2993,neg
2994,neg
2995,pos
2996,neg
2997,neg
2998,neg
2999,neg
3000,pos
3001,neg
3002,pos
3003,neg
3004,neg
3005,pos
3006,neg
3007,neg
3008,pos
3009,neg
3010,neg
3011,neg
3012,pos
3013,pos
3014,neg
3015,neg
3016,neg
3017,neg
3018,neg
3019,neg
3020,pos
3021,neg
3022,neg
3023,neg
3024,neg
3025,neg
3026,neg
3027,neg
3028,pos
3029,neg
3030,neg
3031,neg
3032,neg
3033,neg
3034,pos
3035,neg
3036,pos
3037,neg
3038,neg
3039,neg
3040,neg
3041,neg
3042,neg
3043,neg
3044,neg
3045,neg
3046,neg
3047,neg
3048,neg
3049,pos
3050,pos
3051,pos
3052,neg
3053,neg
3054,neg
3055,neg
3056,neg
3057,pos
3058,neg
3059,neg
3060,pos
3061,pos
3062,neg
3063,neg
3064,neg
3065,pos
3066,neg
3067,pos
3068,pos
3069,pos
3070,neg
3071,pos
3072,neg
3073,pos
3074,neg
3075,pos
3076,neg
3077,neg
3078,neg
3079,pos
3080,pos
3081,neg
3082,neg
3083,neg
3084,neg
3085,neg
3086,neg
3087,neg
3088,pos
3089,neg
3090,neg
3091,neg
3092,pos
3093,pos
3094,neg
3095,neg
3096,neg
3097,neg
3098,neg
3099,neg
3100,neg
3101,neg
3102,neg
3103,neg
3104,pos
3105,neg
3106,pos
3107,neg
3108,neg
3109,neg
3110,neg
3111,neg
3112,pos
3113,neg
3114,pos
3115,neg
3116,pos
3117,neg
3118,pos
3119,neg
3120,neg
3121,neg
3122,neg
3123,pos
3124,neg
3125,neg
3126,neg
3127,pos
3128,neg
3129,neg
3130,pos
3131,pos
3132,pos
3133,neg
3134,neg
3135,pos
3136,neg
3137,neg
3138,neg
3139,pos
3140,neg
3141,neg
3142,neg
3143,neg
3144,neg
3145,pos
3146,neg
3147,pos
3148,neg
3149,neg
3150,pos
3151,neg
3152,neg
3153,neg
3154,neg
3155,neg
3156,neg
3157,neg
3158,neg
3159,neg
3160,neg
3161,neg
3162,neg
3163,pos
3164,neg
3165,pos
3166,neg
3167,neg
3168,neg
3169,neg
3170,neg
3171,neg
3172,neg
3173,neg
3174,neg
3175,neg
3176,neg
3177,neg
3178,neg
3179,neg
3180,pos
3181,neg
3182,neg
3183,neg
3184,neg
3185,pos
3186,neg
3187,neg
3188,pos
3189,pos
3190,neg
3191,neg
3192,neg
3193,pos
3194,pos
3195,neg
3196,pos
3197,pos
3198,pos
3199,neg
3200,pos
3201,neg
3202,pos
3203,neg
3204,pos
3205,neg
3206,neg
3207,neg
3208,neg
3209,neg
3210,neg
3211,pos
3212,pos
3213,neg
3214,neg
3215,neg
3216,pos
3217,neg
3218,neg
3219,neg
3220,neg
3221,neg
3222,neg
3223,neg
3224,neg
3225,neg
3226,neg
3227,neg
3228,neg
3229,neg
3230,pos
3231,neg
3232,neg
3233,pos
3234,neg
3235,neg
3236,pos
3237,neg
3238,neg
3239,neg
3240,pos
3241,neg
3242,pos
3243,pos
3244,neg
3245,neg
3246,pos
3247,neg
3248,neg
3249,neg
3250,neg
3251,neg
3252,neg
3253,neg
3254,pos
3255,neg
3256,neg
3257,neg
3258,neg
3259,neg
3260,neg
3261,neg
3262,neg
3263,neg
3264,neg
3265,neg
3266,neg
3267,neg
3268,pos
3269,neg
3270,pos
3271,neg
3272,pos
3273,neg
3274,neg
3275,neg
3276,neg
3277,neg
3278,neg
3279,pos
3280,neg
3281,neg
3282,neg
3283,neg
3284,pos
3285,neg
3286,neg
3287,neg
3288,neg
3289,neg
3290,neg
3291,pos
3292,pos
3293,pos
3294,neg
3295,neg
3296,neg
3297,neg
3298,neg
3299,neg
3300,neg
3301,neg
3302,neg
3303,neg
3304,pos
3305,neg
3306,pos
3307,pos
3308,neg
3309,pos
3310,neg
3311,pos
3312,neg
3313,neg
3314,neg
3315,neg
3316,neg
3317,neg
3318,pos
3319,pos
3320,pos
3321,neg
3322,neg
3323,neg
3324,pos
3325,pos
3326,neg
3327,pos
3328,neg
3329,neg
3330,neg
3331,neg
3332,pos
3333,neg
3334,neg
3335,neg
3336,neg
3337,neg
3338,neg
3339,neg
3340,pos
3341,pos
3342,pos
3343,neg
3344,neg
3345,neg
3346,pos
3347,pos
3348,neg
3349,pos
3350,neg
3351,neg
3352,neg
3353,neg
3354,pos
3355,neg
3356,neg
3357,neg
3358,pos
3359,neg
3360,neg
3361,pos
3362,pos
3363,pos
3364,neg
3365,neg
3366,neg
3367,pos
3368,neg
3369,neg
3370,pos
3371,neg
3372,pos
3373,pos
3374,pos
3375,neg
3376,pos
3377,neg
3378,neg
3379,pos
3380,neg
3381,neg
3382,neg
3383,neg
3384,pos
3385,pos
3386,neg
3387,neg
3388,pos
3389,neg
3390,neg
3391,neg
3392,neg
3393,pos
3394,neg
3395,pos
3396,neg
3397,pos
3398,neg
3399,pos
3400,pos
3401,neg
3402,neg
3403,pos
3404,pos
3405,neg
3406,neg
3407,pos
3408,pos
3409,pos
3410,neg
3411,pos
3412,pos
3413,neg
3414,neg
3415,neg
3416,pos
3417,pos
3418,pos
3419,pos
3420,pos
3421,neg
3422,neg
3423,neg
3424,neg
3425,neg
3426,pos
3427,neg
3428,neg
3429,neg
3430,pos
3431,neg
3432,neg
3433,neg
3434,neg
3435,neg
3436,pos
3437,neg
3438,neg
3439,neg
3440,neg
3441,pos
3442,pos
3443,neg
3444,neg
3445,neg
3446,neg
3447,neg
3448,neg
3449,pos
3450,neg
3451,neg
3452,pos
3453,pos
3454,neg
3455,pos
3456,neg
3457,neg
3458,pos
3459,neg
3460,neg
3461,neg
3462,neg
3463,pos
3464,neg
3465,pos
3466,neg
3467,neg
3468,pos
3469,neg
3470,neg
3471,neg
3472,neg
3473,neg
3474,neg
3475,neg
3476,neg
3477,neg
3478,neg
3479,neg
3480,neg
3481,pos
3482,neg
3483,neg
3484,neg
3485,pos
3486,neg
3487,neg
3488,pos
3489,neg
3490,pos
3491,pos
3492,pos
3493,pos
3494,neg
3495,neg
3496,pos
3497,pos
3498,neg
3499,neg
3500,neg
3501,neg
3502,neg
3503,neg
3504,neg
3505,neg
3506,pos
3507,neg
3508,neg
3509,neg
3510,pos
3511,pos
3512,pos
3513,neg
3514,pos
3515,neg
3516,neg
3517,pos
3518,pos
3519,neg
3520,neg
3521,neg
3522,neg
3523,neg
3524,neg
3525,neg
3526,pos
3527,neg
3528,pos
3529,neg
3530,pos
3531,pos
3532,neg
3533,pos
3534,neg
3535,pos
3536,neg
3537,pos
3538,neg
3539,pos
3540,neg
3541,pos
3542,neg
3543,neg
3544,neg
3545,neg
3546,neg
3547,neg
3548,neg
3549,neg
3550,neg
3551,neg
3552,neg
3553,pos
3554,pos
3555,pos
3556,pos
3557,neg
3558,neg
3559,neg
3560,pos
3561,pos
3562,neg
3563,pos
3564,neg
3565,neg
3566,neg
3567,neg
3568,neg
3569,neg
3570,neg
3571,neg
3572,neg
3573,pos
3574,neg
3575,neg
3576,pos
3577,neg
3578,neg
3579,neg
3580,neg
3581,pos
3582,neg
3583,pos
3584,neg
3585,pos
3586,neg
3587,pos
3588,pos
3589,neg
3590,neg
3591,neg
3592,neg
3593,neg
3594,neg
3595,pos
3596,neg
3597,neg
3598,pos
3599,pos
3600,neg
3601,pos
3602,neg
3603,neg
3604,neg
3605,neg
3606,neg
3607,neg
3608,neg
3609,neg
3610,neg
3611,neg
3612,neg
3613,neg
3614,pos
3615,neg
3616,neg
3617,neg
3618,neg
3619,pos
3620,pos
3621,pos
3622,neg
3623,neg
3624,neg
3625,pos
3626,neg
3627,neg
3628,neg
3629,pos
3630,pos
3631,neg
3632,neg
3633,neg
3634,pos
3635,neg
3636,neg
3637,neg
3638,neg
3639,neg
3640,neg
3641,neg
3642,pos
3643,pos
3644,neg
3645,pos
3646,neg
3647,neg
3648,neg
3649,neg
3650,neg
3651,neg
3652,pos
3653,pos
3654,neg
3655,neg
3656,neg
3657,neg
3658,neg
3659,neg
3660,pos
3661,neg
3662,neg
3663,pos
3664,neg
3665,pos
3666,pos
3667,neg
3668,pos
3669,neg
3670,neg
3671,neg
3672,neg
3673,neg
3674,neg
3675,pos
3676,neg
3677,neg
3678,pos
3679,pos
3680,neg
3681,neg
3682,neg
3683,pos
3684,neg
3685,neg
3686,neg
3687,neg
3688,neg
3689,neg
3690,neg
3691,pos
3692,neg
3693,neg
3694,neg
3695,neg
3696,neg
3697,neg
3698,pos
3699,neg
3700,neg
3701,neg
3702,neg
3703,neg
3704,pos
3705,neg
3706,pos
3707,pos
3708,neg
3709,neg
3710,neg
3711,pos
3712,neg
3713,neg
3714,neg
3715,neg
3716,neg
3717,neg
3718,pos
3719,neg
3720,neg
3721,pos
3722,neg
3723,pos
3724,pos
3725,neg
3726,pos
3727,neg
3728,neg
3729,neg
3730,neg
3731,pos
3732,neg
3733,neg
3734,neg
3735,neg
3736,neg
3737,neg
3738,pos
3739,neg
3740,pos
3741,pos
3742,pos
3743,neg
3744,pos
3745,neg
3746,neg
3747,neg
3748,neg
3749,neg
3750,neg
3751,neg
3752,neg
3753,neg
3754,neg
3755,neg
3756,pos
3757,pos
3758,pos
3759,neg
3760,neg
3761,neg
3762,neg
3763,neg
3764,neg
3765,neg
3766,neg
3767,neg
3768,pos
3769,neg
3770,pos
3771,neg
3772,neg
3773,neg
3774,pos
3775,pos
3776,neg
3777,neg
3778,neg
3779,pos
3780,neg
3781,neg
3782,neg
3783,neg
3784,neg
3785,pos
3786,neg
3787,pos
3788,pos
3789,pos
3790,pos
3791,neg
3792,neg
3793,pos
3794,neg
3795,neg
3796,pos
3797,neg
3798,neg
3799,neg
3800,neg
3801,pos
3802,neg
3803,neg
3804,neg
3805,pos
3806,neg
3807,neg
3808,neg
3809,neg
3810,neg
3811,neg
3812,neg
3813,pos
3814,neg
3815,neg
3816,pos
3817,neg
3818,neg
3819,pos
3820,pos
3821,pos
3822,neg
3823,neg
3824,pos
3825,neg
3826,pos
3827,pos
3828,neg
3829,neg
3830,pos
3831,pos
3832,neg
3833,neg
3834,neg
3835,pos
3836,neg
3837,pos
3838,neg
3839,neg
3840,neg
3841,neg
3842,neg
3843,pos
3844,neg
3845,pos
3846,neg
3847,pos
3848,neg
3849,neg
3850,neg
3851,neg
3852,neg
3853,neg
3854,neg
3855,neg
3856,pos
3857,neg
3858,pos
3859,pos
3860,neg
3861,pos
3862,neg
3863,pos
3864,neg
3865,pos
3866,pos
3867,neg
3868,neg
3869,neg
3870,neg
3871,neg
3872,neg
3873,pos
3874,neg
3875,neg
3876,neg
3877,neg
3878,neg
3879,pos
3880,neg
3881,neg
3882,neg
3883,neg
3884,neg
3885,neg
3886,neg
3887,neg
3888,neg
3889,neg
3890,neg
3891,pos
3892,neg
3893,neg
3894,pos
3895,neg
3896,neg
3897,pos
3898,neg
3899,neg
3900,neg
3901,pos
3902,pos
3903,neg
3904,neg
3905,neg
3906,pos
3907,pos
3908,neg
3909,neg
3910,pos
3911,neg
3912,neg
3913,pos
3914,pos
3915,neg
3916,neg
3917,neg
3918,neg
3919,neg
3920,neg
3921,pos
3922,neg
3923,neg
3924,pos
3925,neg
3926,neg
3927,neg
3928,neg
3929,neg
3930,neg
3931,pos
3932,neg
3933,neg
3934,neg
3935,pos
3936,neg
3937,neg
3938,neg
3939,neg
3940,neg
3941,neg
3942,neg
3943,neg
3944,pos
3945,neg
3946,neg
3947,neg
3948,neg
3949,neg
3950,neg
3951,pos
3952,neg
3953,pos
3954,neg
3955,neg
3956,neg
3957,neg
3958,pos
3959,neg
3960,pos
3961,neg
3962,neg
3963,neg
3964,neg
3965,neg
3966,pos
3967,neg
3968,neg
3969,neg
3970,pos
3971,neg
3972,neg
3973,pos
3974,pos
3975,neg
3976,pos
3977,neg
3978,neg
3979,neg
3980,neg
3981,neg
3982,neg
3983,pos
3984,neg
3985,neg
3986,pos
3987,neg
3988,neg
3989,pos
3990,pos
3991,neg
3992,neg
3993,neg
3994,neg
3995,neg
3996,neg
3997,neg
3998,pos
3999,neg
4000,neg
4001,neg
4002,neg
4003,neg
4004,neg
4005,neg
4006,neg
4007,neg
4008,neg
4009,neg
4010,neg
4011,neg
4012,neg
4013,pos
4014,pos
4015,neg
4016,pos
4017,neg
4018,neg
4019,neg
4020,neg
4021,pos
4022,neg
4023,neg
4024,pos
4025,neg
4026,neg
4027,neg
4028,neg
4029,pos
4030,neg
4031,pos
4032,neg
4033,neg
4034,pos
4035,neg
4036,neg
4037,pos
4038,neg
4039,pos
4040,neg
4041,pos
4042,neg
4043,pos
4044,neg
4045,neg
4046,neg
4047,neg
4048,pos
4049,neg
4050,neg
4051,pos
4052,neg
4053,neg
4054,neg
4055,neg
4056,neg
4057,neg
4058,neg
4059,neg
4060,neg
4061,neg
4062,pos
4063,neg
4064,neg
4065,neg
4066,neg
4067,pos
4068,pos
4069,neg
4070,neg
4071,pos
4072,neg
4073,pos
4074,neg
4075,neg
4076,neg
4077,neg
4078,pos
4079,pos
4080,pos
4081,neg
4082,neg
4083,neg
4084,neg
4085,neg
4086,neg
4087,pos
4088,neg
4089,neg
4090,pos
4091,neg
4092,pos
4093,neg
4094,neg
4095,pos
4096,neg
4097,pos
4098,neg
4099,pos
4100,neg
4101,neg
4102,neg
4103,neg
4104,neg
4105,neg
4106,pos
4107,pos
4108,neg
4109,neg
4110,neg
4111,neg
4112,neg
4113,neg
4114,neg
4115,neg
4116,neg
4117,neg
4118,pos
4119,pos
4120,pos
4121,neg
4122,neg
4123,neg
4124,neg
4125,neg
4126,neg
4127,neg
4128,pos
4129,neg
4130,neg
4131,neg
4132,pos
4133,neg
4134,neg
4135,neg
4136,neg
4137,neg
4138,neg
4139,pos
4140,neg
4141,neg
4142,neg
4143,neg
4144,pos
4145,neg
4146,pos
4147,neg
4148,neg
4149,neg
4150,neg
4151,neg
4152,neg
4153,pos
4154,pos
4155,neg
4156,neg
4157,neg
4158,neg
4159,pos
4160,neg
4161,pos
4162,neg
4163,neg
4164,neg
4165,neg
4166,neg
4167,neg
4168,neg
4169,neg
4170,neg
4171,pos
4172,neg
4173,pos
4174,neg
4175,neg
4176,neg
4177,neg
4178,neg
4179,neg
4180,neg
4181,pos
4182,neg
4183,neg
4184,neg
4185,neg
4186,neg
4187,pos
4188,neg
4189,neg
4190,neg
4191,neg
4192,pos
4193,neg
4194,pos
4195,neg
4196,neg
4197,neg
4198,neg
4199,neg
4200,neg
4201,pos
4202,neg
4203,pos
4204,pos
4205,neg
4206,pos
4207,neg
4208,neg
4209,neg
4210,neg
4211,neg
4212,neg
4213,pos
4214,neg
4215,neg
4216,neg
4217,neg
4218,neg
4219,neg
4220,pos
4221,neg
4222,neg
4223,pos
4224,neg
4225,pos
4226,pos
4227,neg
4228,neg
4229,neg
4230,neg
4231,pos
4232,neg
4233,neg
4234,neg
4235,neg
4236,neg
4237,pos
4238,neg
4239,pos
4240,neg
4241,neg
4242,pos
4243,neg
4244,neg
4245,pos
4246,neg
4247,pos
4248,neg
4249,pos
4250,pos
4251,neg
4252,pos
4253,neg
4254,neg
4255,pos
4256,neg
4257,neg
4258,pos
4259,neg
4260,neg
4261,neg
4262,neg
4263,neg
4264,neg
4265,neg
4266,pos
4267,pos
4268,pos
4269,neg
4270,pos
4271,neg
4272,pos
4273,neg
4274,neg
4275,neg
4276,neg
4277,neg
4278,neg
4279,pos
4280,neg
4281,pos
4282,pos
4283,neg
4284,neg
4285,neg
4286,pos
4287,neg
4288,neg
4289,neg
4290,pos
4291,neg
4292,neg
4293,pos
4294,neg
4295,neg
4296,neg
4297,neg
4298,pos
4299,neg
4300,neg
4301,neg
4302,neg
4303,neg
4304,neg
4305,neg
4306,neg
4307,neg
4308,neg
4309,neg
4310,neg
4311,neg
4312,pos
4313,neg
4314,pos
4315,neg
4316,pos
4317,neg
4318,neg
4319,neg
4320,pos
4321,neg
4322,neg
4323,neg
4324,neg
4325,neg
4326,pos
4327,pos
4328,pos
4329,neg
4330,pos
4331,neg
4332,neg
4333,neg
4334,neg
4335,neg
4336,pos
4337,neg
4338,neg
4339,neg
4340,neg
4341,neg
4342,neg
4343,neg
4344,neg
4345,pos
4346,neg
4347,neg
4348,pos
4349,neg
4350,neg
4351,neg
4352,pos
4353,pos
4354,neg
4355,neg
4356,neg
4357,neg
4358,pos
4359,neg
4360,neg
4361,neg
4362,neg
4363,neg
4364,neg
4365,neg
4366,neg
4367,pos
4368,neg
4369,neg
4370,pos
4371,neg
4372,neg
4373,neg
4374,neg
4375,neg
4376,neg
4377,neg
4378,neg
4379,neg
4380,neg
4381,neg
4382,pos
4383,pos
4384,neg
4385,pos
4386,pos
4387,neg
4388,neg
4389,pos
4390,pos
4391,neg
4392,pos
4393,neg
4394,pos
4395,neg
4396,neg
4397,neg
4398,neg
4399,neg
4400,neg
4401,neg
4402,neg
4403,pos
4404,neg
4405,neg
4406,neg
4407,neg
4408,neg
4409,pos
4410,neg
4411,neg
4412,neg
4413,neg
4414,neg
4415,neg
4416,neg
4417,neg
4418,neg
4419,neg
4420,neg
4421,neg
4422,neg
4423,pos
4424,neg
4425,pos
4426,neg
4427,neg
4428,neg
4429,neg
4430,pos
4431,neg
4432,neg
4433,neg
4434,neg
4435,pos
4436,pos
4437,pos
4438,neg
4439,neg
4440,pos
4441,neg
4442,neg
4443,pos
4444,neg
4445,neg
4446,neg
4447,neg
4448,neg
4449,neg
4450,neg
4451,pos
4452,neg
4453,neg
4454,pos
4455,pos
4456,neg
4457,pos
4458,neg
4459,neg
4460,neg
4461,neg
4462,neg
4463,neg
4464,neg
4465,neg
4466,neg
4467,neg
4468,pos
4469,neg
4470,neg
4471,neg
4472,pos
4473,pos
4474,pos
4475,neg
4476,neg
4477,pos
4478,pos
4479,pos
4480,neg
4481,neg
4482,neg
4483,neg
4484,neg
4485,neg
4486,neg
4487,neg
4488,neg
4489,neg
4490,neg
4491,pos
4492,neg
4493,neg
4494,neg
4495,pos
4496,neg
4497,neg
4498,neg
4499,neg
4500,neg
4501,neg
4502,neg
4503,neg
4504,pos
4505,neg
4506,neg
4507,pos
4508,neg
4509,neg
4510,neg
4511,neg
4512,pos
4513,neg
4514,pos
4515,neg
4516,pos
4517,pos
4518,neg
4519,neg
4520,pos
4521,pos
4522,neg
4523,neg
4524,neg
4525,neg
4526,neg
4527,pos
4528,neg
4529,neg
4530,neg
4531,neg
4532,neg
4533,neg
4534,pos
4535,neg
4536,neg
4537,neg
4538,neg
4539,neg
4540,neg
4541,neg
4542,neg
4543,neg
4544,neg
4545,neg
4546,neg
4547,neg
4548,neg
4549,pos
4550,neg
4551,neg
4552,neg
4553,pos
4554,pos
4555,neg
4556,neg
4557,neg
4558,neg
4559,pos
4560,neg
4561,neg
4562,pos
4563,pos
4564,pos
4565,neg
4566,neg
4567,neg
4568,neg
4569,neg
4570,neg
4571,neg
4572,neg
4573,neg
4574,neg
4575,neg
4576,neg
4577,neg
4578,neg
4579,neg
4580,pos
4581,neg
4582,neg
4583,neg
4584,pos
4585,neg
4586,neg
4587,neg
4588,pos
4589,neg
4590,pos
4591,neg
4592,neg
4593,neg
4594,neg
4595,pos
4596,neg
4597,neg
4598,neg
4599,neg
4600,neg
4601,neg
4602,pos
4603,pos
4604,neg
4605,neg
4606,neg
4607,neg
4608,neg
4609,neg
4610,pos
4611,neg
4612,neg
4613,neg
4614,pos
4615,pos
4616,pos
4617,pos
4618,neg
4619,neg
4620,neg
4621,pos
4622,neg
4623,pos
4624,neg
4625,pos
4626,neg
4627,neg
4628,neg
4629,neg
4630,neg
4631,pos
4632,neg
4633,neg
4634,pos
4635,pos
4636,neg
4637,neg
4638,neg
4639,pos
4640,neg
4641,neg
4642,neg
4643,neg
4644,neg
4645,pos
4646,neg
4647,pos
4648,neg
4649,pos
4650,pos
4651,neg
4652,neg
4653,neg
4654,neg
4655,pos
4656,neg
4657,neg
4658,neg
4659,pos
4660,neg
4661,neg
4662,pos
4663,pos
4664,pos
4665,neg
4666,neg
4667,pos
4668,neg
4669,pos
4670,neg
4671,pos
4672,pos
4673,neg
4674,pos
4675,pos
4676,pos
4677,neg
4678,neg
4679,neg
4680,neg
4681,neg
4682,neg
4683,neg
4684,pos
4685,neg
4686,neg
4687,pos
4688,neg
4689,pos
4690,pos
4691,neg
4692,pos
4693,neg
4694,neg
4695,neg
4696,pos
4697,pos
4698,neg
4699,neg
4700,pos
4701,pos
4702,neg
4703,neg
4704,neg
4705,pos
4706,neg
4707,neg
4708,neg
4709,neg
4710,neg
4711,pos
4712,neg
4713,pos
4714,pos
4715,neg
4716,pos
4717,pos
4718,pos
4719,neg
4720,neg
4721,pos
4722,pos
4723,neg
4724,neg
4725,neg
4726,neg
4727,neg
4728,neg
4729,neg
4730,pos
4731,neg
4732,pos
4733,neg
4734,pos
4735,neg
4736,pos
4737,neg
4738,neg
4739,neg
4740,neg
4741,pos
4742,neg
4743,pos
4744,neg
4745,neg
4746,neg
4747,neg
4748,pos
4749,neg
4750,neg
4751,neg
4752,neg
4753,neg
4754,neg
4755,neg
4756,neg
4757,pos
4758,neg
4759,neg
4760,pos
4761,neg
4762,neg
4763,pos
4764,neg
4765,neg
4766,pos
4767,neg
4768,neg
4769,neg
4770,neg
4771,neg
4772,pos
4773,neg
4774,neg
4775,pos
4776,neg
4777,neg
4778,neg
4779,neg
4780,neg
4781,neg
4782,neg
4783,neg
4784,neg
4785,neg
4786,neg
4787,neg
4788,pos
4789,neg
4790,neg
4791,pos
4792,neg
4793,neg
4794,neg
4795,pos
4796,pos
4797,pos
4798,neg
4799,neg
4800,neg
4801,neg
4802,neg
4803,neg
4804,neg
4805,pos
4806,pos
4807,pos
4808,neg
4809,pos
4810,neg
4811,neg
4812,neg
4813,pos
4814,neg
4815,neg
4816,pos
4817,neg
4818,pos
4819,neg
4820,pos
4821,neg
4822,neg
4823,neg
4824,neg
4825,pos
4826,neg
4827,neg
4828,neg
4829,neg
4830,pos
4831,neg
4832,neg
4833,neg
4834,pos
4835,pos
4836,neg
4837,pos
4838,neg
4839,pos
4840,neg
4841,neg
4842,neg
4843,pos
4844,neg
4845,neg
4846,pos
4847,neg
4848,neg
4849,pos
4850,pos
4851,pos
4852,neg
4853,pos
4854,neg
4855,neg
4856,neg
4857,neg
4858,pos
4859,pos
4860,neg
4861,pos
4862,neg
4863,neg
4864,neg
4865,neg
4866,pos
4867,pos
4868,pos
4869,neg
4870,neg
4871,neg
4872,pos
4873,neg
4874,pos
4875,neg
4876,neg
4877,neg
4878,neg
4879,neg
4880,neg
4881,neg
4882,neg
4883,neg
4884,pos
4885,pos
4886,neg
4887,pos
4888,pos
4889,neg
4890,neg
4891,neg
4892,neg
4893,neg
4894,neg
4895,neg
4896,neg
4897,pos
4898,neg
4899,pos
4900,neg
4901,neg
4902,neg
4903,neg
4904,neg
4905,pos
4906,neg
4907,neg
4908,neg
4909,pos
4910,pos
4911,pos
4912,neg
4913,neg
4914,neg
4915,neg
4916,neg
4917,neg
4918,neg
4919,pos
4920,neg
4921,neg
4922,neg
4923,neg
4924,neg
4925,neg
4926,neg
4927,neg
4928,neg
4929,neg
4930,neg
4931,pos
4932,neg
4933,neg
4934,pos
4935,pos
4936,neg
4937,neg
4938,neg
4939,neg
4940,pos
4941,neg
4942,neg
4943,neg
4944,neg
4945,neg
4946,neg
4947,neg
4948,neg
4949,neg
4950,pos
4951,neg
4952,neg
4953,neg
4954,neg
4955,neg
4956,neg
4957,pos
4958,neg
4959,pos
4960,neg
4961,pos
4962,neg
4963,neg
4964,neg
4965,neg
4966,neg
4967,neg
4968,neg
4969,neg
4970,neg
4971,neg
4972,neg
4973,neg
4974,neg
4975,neg
4976,neg
4977,neg
4978,neg
4979,pos
4980,neg
4981,neg
4982,pos
4983,neg
4984,neg
4985,neg
4986,neg
4987,neg
4988,neg
4989,neg
4990,neg
4991,neg
4992,neg
4993,neg
4994,neg
4995,neg
4996,neg
4997,pos
4998,pos
4999,neg
5000,neg
